{"stat.craftItem.minecraft.leather_leggings":9,"stat.useItem.minecraft.lapis_block":46,"stat.useItem.minecraft.quartz_block":6398,"stat.useItem.minecraft.painting":74,"stat.useItem.minecraft.repeater":59,"stat.leaveGame":47,"stat.useItem.minecraft.log2":110,"stat.useItem.minecraft.bookshelf":7,"stat.useItem.minecraft.skull":22,"stat.useItem.minecraft.glowstone":432,"stat.swimOneCm":221115,"stat.useItem.minecraft.snow":20,"stat.useItem.minecraft.planks":1406,"stat.climbOneCm":17056,"stat.useItem.minecraft.coal_block":7,"stat.useItem.minecraft.redstone_torch":24,"stat.useItem.minecraft.dirt":439,"achievement.exploreAllBiomes":{"value":0,"progress":["Beach","Forest","River","Ice Plains Spikes","Deep Ocean"]},"stat.useItem.minecraft.water_bucket":1,"stat.useItem.minecraft.red_flower":30,"stat.useItem.minecraft.vine":110,"stat.useItem.minecraft.leaves2":13,"stat.useItem.minecraft.iron_ore":11,"stat.useItem.minecraft.rail":11,"stat.useItem.minecraft.anvil":70,"stat.flyOneCm":8080282,"stat.useItem.minecraft.brown_mushroom":1,"stat.useItem.minecraft.red_mushroom":3,"stat.craftItem.minecraft.cooked_fish":8,"stat.timeSinceDeath":44,"stat.useItem.minecraft.fence_gate":2,"stat.useItem.minecraft.sign":162,"stat.useItem.minecraft.melon_block":18,"stat.useItem.minecraft.spawn_egg":29,"stat.useItem.minecraft.wooden_slab":501,"stat.useItem.minecraft.iron_door":58,"stat.killEntity.Bat":2,"stat.useItem.minecraft.lever":17,"stat.useItem.minecraft.oak_stairs":725,"stat.useItem.minecraft.acacia_stairs":25,"stat.useItem.minecraft.dark_oak_stairs":4,"stat.useItem.minecraft.armor_stand":14,"stat.craftItem.minecraft.leather_helmet":9,"stat.useItem.minecraft.double_plant":17,"stat.useItem.minecraft.minecart":1,"stat.useItem.minecraft.redstone":142,"stat.useItem.minecraft.sea_lantern":97,"stat.useItem.minecraft.written_book":5,"stat.useItem.minecraft.spruce_fence":7,"achievement.mineWood":2,"stat.useItem.minecraft.trapdoor":69,"stat.sprintOneCm":561273,"stat.useItem.minecraft.stained_glass":190,"stat.useItem.minecraft.hay_block":76,"stat.useItem.minecraft.fence":158,"stat.useItem.minecraft.stone_stairs":93,"stat.useItem.minecraft.dark_oak_door":1,"stat.useItem.minecraft.stone_slab":581,"stat.useItem.minecraft.acacia_fence":1,"stat.useItem.minecraft.ice":70,"stat.useItem.minecraft.bed":17,"achievement.openInventory":1260,"stat.useItem.minecraft.cauldron":8,"stat.useItem.minecraft.wooden_button":38,"stat.useItem.minecraft.stone_pressure_plate":1,"stat.useItem.minecraft.hopper":60,"stat.useItem.minecraft.dye":55,"stat.useItem.minecraft.bucket":1,"stat.deaths":86,"stat.drop":9,"stat.playOneMinute":1234924,"stat.craftItem.minecraft.leather_chestplate":9,"stat.useItem.minecraft.cake":3,"stat.useItem.minecraft.banner":89,"stat.useItem.minecraft.jungle_stairs":3,"stat.useItem.minecraft.ladder":44,"stat.craftItem.minecraft.dye":2,"stat.useItem.minecraft.birch_stairs":103,"stat.useItem.minecraft.jukebox":2,"stat.diveOneCm":1667857,"stat.useItem.minecraft.sticky_piston":2,"stat.useItem.minecraft.stone":1407,"stat.useItem.minecraft.quartz_stairs":296,"stat.useItem.minecraft.waterlily":17,"stat.useItem.minecraft.carpet":782,"stat.useItem.minecraft.heavy_weighted_pressure_plate":4,"stat.useItem.minecraft.potion":92,"stat.useItem.minecraft.clay":236,"stat.useItem.minecraft.packed_ice":2300,"stat.useItem.minecraft.flower_pot":50,"stat.jump":2628,"stat.useItem.minecraft.sand":49,"stat.useItem.minecraft.iron_trapdoor":28,"stat.fallOneCm":617,"stat.useItem.minecraft.trapped_chest":10,"stat.useItem.minecraft.piston":26,"stat.crouchOneCm":141667,"stat.craftItem.minecraft.banner":11,"stat.useItem.minecraft.coal_ore":69,"stat.useItem.minecraft.stone_button":13,"stat.useItem.minecraft.glass":2,"stat.useItem.minecraft.dispenser":1,"stat.boatOneCm":8947,"stat.useItem.minecraft.sapling":7,"stat.useItem.minecraft.redstone_lamp":1,"stat.damageTaken":1820,"stat.useItem.minecraft.stone_brick_stairs":9,"stat.useItem.minecraft.reeds":13,"stat.useItem.minecraft.furnace":8,"stat.useItem.minecraft.acacia_door":45,"stat.useItem.minecraft.birch_fence":13,"stat.damageDealt":285,"stat.useItem.minecraft.wool":1815,"stat.useItem.minecraft.snow_layer":459,"stat.useItem.minecraft.crafting_table":17,"stat.useItem.minecraft.iron_bars":126,"stat.useItem.minecraft.command_block":56,"stat.walkOneCm":2029894,"stat.useItem.minecraft.torch":157,"stat.useItem.minecraft.chest":58,"stat.useItem.minecraft.pumpkin":24,"stat.useItem.minecraft.log":268,"stat.useItem.minecraft.comparator":12,"stat.useItem.minecraft.tnt":32,"stat.useItem.minecraft.cobblestone":195,"stat.craftItem.minecraft.leather_boots":9,"stat.useItem.minecraft.gravel":1399,"stat.useItem.minecraft.gold_ore":1,"stat.useItem.minecraft.redstone_block":3,"stat.useItem.minecraft.item_frame":23,"stat.useItem.minecraft.yellow_flower":1,"stat.useItem.minecraft.birch_fence_gate":4,"stat.useItem.minecraft.spruce_stairs":57,"stat.useItem.minecraft.stained_hardened_clay":2722,"stat.useItem.minecraft.leaves":40,"stat.useItem.minecraft.tallgrass":27,"stat.useItem.minecraft.cactus":3,"stat.useItem.minecraft.fireworks":2,"stat.useItem.minecraft.prismarine":47,"stat.useItem.minecraft.birch_door":48,"stat.useItem.minecraft.tripwire_hook":9,"stat.useItem.minecraft.barrier":75,"stat.useItem.minecraft.iron_block":872,"stat.useItem.minecraft.jungle_door":6,"stat.useItem.minecraft.daylight_detector":12,"stat.mobKills":8,"stat.useItem.minecraft.wooden_pressure_plate":8,"stat.useItem.minecraft.stonebrick":41,"stat.useItem.minecraft.wooden_door":2,"stat.useItem.minecraft.boat":17,"stat.useItem.minecraft.cobblestone_wall":122,"stat.useItem.minecraft.spruce_door":21,"stat.useItem.minecraft.writable_book":31,"stat.useItem.minecraft.brewing_stand":2,"stat.useItem.minecraft.sandstone":8,"stat.useItem.minecraft.web":31}