{"stat.useItem.minecraft.quartz_block":832,"stat.pickup.minecraft.stone_pressure_plate":1,"stat.leaveGame":11,"stat.pickup.minecraft.flower_pot":1,"stat.swimOneCm":123653,"stat.useItem.minecraft.planks":948,"stat.climbOneCm":7033,"stat.useItem.minecraft.dirt":71,"stat.useItem.minecraft.water_bucket":1337,"stat.useItem.minecraft.red_flower":19,"stat.useItem.minecraft.anvil":14,"stat.flyOneCm":1949889,"stat.timeSinceDeath":566,"stat.hopperInspected":1,"stat.useItem.minecraft.fence_gate":1,"stat.useItem.minecraft.sign":112,"stat.cauldronFilled":5,"stat.pickup.minecraft.stained_hardened_clay":2,"stat.useItem.minecraft.wooden_slab":991,"stat.useItem.minecraft.iron_door":6,"stat.useItem.minecraft.lever":5,"stat.useItem.minecraft.oak_stairs":208,"stat.furnaceInteraction":3,"stat.pickup.minecraft.wooden_button":3,"stat.useItem.minecraft.double_plant":3,"stat.useItem.minecraft.trapdoor":97,"stat.sprintOneCm":55148,"stat.useItem.minecraft.hay_block":5,"stat.useItem.minecraft.fence":164,"stat.pickup.minecraft.skull":57,"stat.useItem.minecraft.stone_slab":219,"stat.useItem.minecraft.bed":19,"stat.useItem.minecraft.cauldron":6,"stat.useItem.minecraft.wooden_button":6,"stat.useItem.minecraft.stone_pressure_plate":8,"stat.useItem.minecraft.hopper":2,"stat.useItem.minecraft.dye":2,"stat.deaths":5,"stat.playOneMinute":239072,"stat.pickup.minecraft.stone_button":6,"stat.useItem.minecraft.banner":53,"stat.useItem.minecraft.ladder":79,"stat.useItem.minecraft.birch_stairs":12,"stat.diveOneCm":333474,"stat.chestOpened":13,"stat.pickup.minecraft.spruce_door":7,"stat.pickup.minecraft.sign":23,"stat.useItem.minecraft.stone":34,"stat.useItem.minecraft.quartz_stairs":121,"stat.useItem.minecraft.sponge":2,"stat.pickup.minecraft.wooden_pressure_plate":5,"stat.useItem.minecraft.carpet":1,"stat.useItem.minecraft.potion":5,"stat.useItem.minecraft.stained_glass_pane":49,"stat.useItem.minecraft.flower_pot":3,"stat.useItem.minecraft.bedrock":305,"stat.useItem.minecraft.sand":4,"stat.jump":334,"stat.useItem.minecraft.iron_trapdoor":9,"stat.crouchOneCm":18267,"stat.craftItem.minecraft.banner":19,"stat.useItem.minecraft.stone_button":14,"stat.craftingTableInteraction":14,"stat.pickup.minecraft.command_block":1,"stat.useItem.minecraft.furnace":7,"stat.useItem.minecraft.gold_block":50,"stat.useItem.minecraft.wool":111,"stat.useItem.minecraft.crafting_table":4,"stat.useItem.minecraft.iron_bars":203,"stat.flowerPotted":3,"stat.useItem.minecraft.command_block":6,"stat.walkOneCm":173491,"stat.useItem.minecraft.torch":149,"stat.useItem.minecraft.chest":13,"stat.useItem.minecraft.log":162,"stat.useItem.minecraft.cobblestone":113,"stat.useItem.minecraft.spruce_boat":5,"stat.useItem.minecraft.item_frame":5,"stat.useItem.minecraft.spruce_stairs":77,"stat.useItem.minecraft.stained_hardened_clay":1906,"stat.useItem.minecraft.tallgrass":2,"stat.pickup.minecraft.ladder":24,"stat.pickup.minecraft.banner":1,"stat.useItem.minecraft.tripwire_hook":4,"stat.useItem.minecraft.iron_block":3,"stat.useItem.minecraft.wooden_pressure_plate":9,"stat.useItem.minecraft.cobblestone_wall":37,"stat.useItem.minecraft.spruce_door":30,"stat.pickup.minecraft.torch":33,"stat.pickup.minecraft.red_flower":14,"stat.sneakTime":12652,"stat.pickup.minecraft.spruce_boat":7,"stat.pickup.minecraft.yellow_flower":1,"stat.useItem.minecraft.web":351}